{"cameraMode":{"drawMode":0,"name":"Shaded","section":"Shading Mode"},"sceneLighting":true,"audioPlay":false,"sceneViewState":{"m_AlwaysRefresh":false,"showFog":true,"showSkybox":true,"showFlares":true,"showImageEffects":true,"showParticleSystems":true,"showVisualEffectGraphs":true,"m_FxEnabled":true},"in2DMode":false,"pivot":{"x":-3.6304125785827638,"y":2.9535939693450929,"z":1.0944130420684815},"rotation":{"x":-0.19758832454681397,"y":-0.4651966691017151,"z":0.10735911875963211,"w":-0.8561747074127197},"size":2.085616111755371,"orthographic":false}